Model,P1,P2,P3,P4,Topsis Score,Rank
M1,0.7,5,10,100,0.21185981669657752,5
M2,0.8,6,20,200,0.3899288389115457,4
M3,0.9,7,30,300,0.5997964696822228,3
M4,0.6,4,40,400,0.6100711610884544,2
M5,0.5,3,50,500,0.6417810453160228,1
