Model,Perplexity,BLEU_Score,Inference_Time_ms,Model_Size_MB,Topsis_Score,Rank
DialoGPT-medium,28.5,0.15,120,1400,0.31709073809430505,4.0
BlenderBot-400M,18.2,0.28,150,1600,0.7287972941924332,1.0
GODEL-base,22.4,0.22,110,950,0.6920726332924388,2.0
T5-base,35.1,0.12,180,890,0.24159787431499705,5.0
GPT-2-large,24.6,0.18,140,1550,0.4191147621399925,3.0
